whenever sqlerror exit 1;

prompt Loading CORPORATE data...
insert into CORPORATE (CORPORATE_ID, CORPORATE_NO, CORPORATE_NAME, ADDR, CONTACT_PERSON, PHONE, FAX, EMAIL, LAST_UPDATE_BY, LAST_UPDATE_DATE, STATUS, KEY_CATEGORY_IID, REFERENCELOGO)
values (1, '10000001', 'Test API Corporate 1', 'API Test Corporate 1 address', null, null, null, null, 3, to_date('12-04-2017 18:33:06', 'dd-mm-yyyy hh24:mi:ss'), 'E0', -1, null);
insert into CORPORATE (CORPORATE_ID, CORPORATE_NO, CORPORATE_NAME, ADDR, CONTACT_PERSON, PHONE, FAX, EMAIL, LAST_UPDATE_BY, LAST_UPDATE_DATE, STATUS, KEY_CATEGORY_IID, REFERENCELOGO)
values (2, '20000001', 'Test API Corporate 2', 'Test API Corporate 2 address', null, null, null, null, 3, to_date('12-04-2017 18:32:20', 'dd-mm-yyyy hh24:mi:ss'), 'E0', -1, null);
insert into CORPORATE (CORPORATE_ID, CORPORATE_NO, CORPORATE_NAME, ADDR, CONTACT_PERSON, PHONE, FAX, EMAIL, LAST_UPDATE_BY, LAST_UPDATE_DATE, STATUS, KEY_CATEGORY_IID, REFERENCELOGO)
values (3, '30000001', 'Test API Corporate 3', 'Test API Corporate 3 address', null, null, null, null, 3, to_date('21-04-2017 11:20:24', 'dd-mm-yyyy hh24:mi:ss'), 'E0', -1, null);

prompt Loading MERCHANT data...
insert into MERCHANT (MERCHANT_ID, CORPORATE_ID, MERCHANT_NAME, XLS_TERMINALID_COUNT, ADDR, LAST_UPDATE_BY, LAST_UPDATE_DATE, STATUS, MERCHANT_NO, GEO_COORD, LAT, LON, MARKETING_DESC, REFERENCELOGO)
values (1, 1, '111111110000001 Test Merchant 1', 0, '111111110000001 Test Merchant 1 address', 3, to_date('12-04-2017 18:35:20', 'dd-mm-yyyy hh24:mi:ss'), 'E0', '111111110000001', null, null, null, '111111110000001 Test Merchant 1 mobile', null);
insert into MERCHANT (MERCHANT_ID, CORPORATE_ID, MERCHANT_NAME, XLS_TERMINALID_COUNT, ADDR, LAST_UPDATE_BY, LAST_UPDATE_DATE, STATUS, MERCHANT_NO, GEO_COORD, LAT, LON, MARKETING_DESC, REFERENCELOGO)
values (2, 1, '111111110000002 Test Merchant 2', 0, null, 3, to_date('17-04-2017 18:24:54', 'dd-mm-yyyy hh24:mi:ss'), 'E0', '111111110000002', null, null, null, null, null);
insert into MERCHANT (MERCHANT_ID, CORPORATE_ID, MERCHANT_NAME, XLS_TERMINALID_COUNT, ADDR, LAST_UPDATE_BY, LAST_UPDATE_DATE, STATUS, MERCHANT_NO, GEO_COORD, LAT, LON, MARKETING_DESC, REFERENCELOGO)
values (3, 2, '222222220000001 Test Merchant 2', 0, '222222220000001 Test Merchant 2 address', 3, to_date('12-04-2017 18:37:11', 'dd-mm-yyyy hh24:mi:ss'), 'E0', '222222220000001', null, null, null, '222222220000001 Test Merchant 2 mobile', null);
insert into MERCHANT (MERCHANT_ID, CORPORATE_ID, MERCHANT_NAME, XLS_TERMINALID_COUNT, ADDR, LAST_UPDATE_BY, LAST_UPDATE_DATE, STATUS, MERCHANT_NO, GEO_COORD, LAT, LON, MARKETING_DESC, REFERENCELOGO)
values (4, 3, '333333330000001 Merchant 1', 0, '333333330000001 Merchant 1 address', 3, to_date('21-04-2017 11:21:59', 'dd-mm-yyyy hh24:mi:ss'), 'E0', '333333330000001', null, null, null, null, null);
insert into MERCHANT (MERCHANT_ID, CORPORATE_ID, MERCHANT_NAME, XLS_TERMINALID_COUNT, ADDR, LAST_UPDATE_BY, LAST_UPDATE_DATE, STATUS, MERCHANT_NO, GEO_COORD, LAT, LON, MARKETING_DESC, REFERENCELOGO)
values (5, 3, '333333330000002 Merchant 2', 0, '333333330000002 Merchant 2 address', 3, to_date('21-04-2017 11:23:45', 'dd-mm-yyyy hh24:mi:ss'), 'E0', '333333330000002', null, null, null, null, null);

prompt Loading TERMINAL data...
insert into TERMINAL (TERMINAL_ID, XLS_TERMINAL_ID, MERCHANT_ID, PROTOCOL, SETTLE_TIME, TERMINAL_TYPE, AUTO_DISC, MULTI_ECP_RDM, STATUS, COUNTRY_CODE, TERMINAL_VERSION, TERMINAL_PHONE, TERMINAL_MODEL, TXN_LOCK, LAST_SETTLE_DATE, TERMINAL_LAST_UPDATE, LAST_UPDATE_BY, LAST_UPDATE_DATE, POS_APP_VERSION, CONFIRMED_FLAG, TERMINAL_NO, PIE_ENABLED, OE_VER, MULTI_OFFER_RDM)
values (1, 1, 1, 'SDLC', null, 'A', 'Y', 'Y', 'E0', null, 'V7.0', null, null, 0, null, null, 3, to_date('12-04-2017 18:35:20', 'dd-mm-yyyy hh24:mi:ss'), null, 'N', '11110001', 'N', 1, 'Y');
insert into TERMINAL (TERMINAL_ID, XLS_TERMINAL_ID, MERCHANT_ID, PROTOCOL, SETTLE_TIME, TERMINAL_TYPE, AUTO_DISC, MULTI_ECP_RDM, STATUS, COUNTRY_CODE, TERMINAL_VERSION, TERMINAL_PHONE, TERMINAL_MODEL, TXN_LOCK, LAST_SETTLE_DATE, TERMINAL_LAST_UPDATE, LAST_UPDATE_BY, LAST_UPDATE_DATE, POS_APP_VERSION, CONFIRMED_FLAG, TERMINAL_NO, PIE_ENABLED, OE_VER, MULTI_OFFER_RDM)
values (2, 1, 2, 'SDLC', null, 'A', 'Y', 'Y', 'E0', null, 'V7.0', null, null, 0, null, null, 3, to_date('17-04-2017 18:24:54', 'dd-mm-yyyy hh24:mi:ss'), null, 'N', '11120001', 'N', 1, 'Y');
insert into TERMINAL (TERMINAL_ID, XLS_TERMINAL_ID, MERCHANT_ID, PROTOCOL, SETTLE_TIME, TERMINAL_TYPE, AUTO_DISC, MULTI_ECP_RDM, STATUS, COUNTRY_CODE, TERMINAL_VERSION, TERMINAL_PHONE, TERMINAL_MODEL, TXN_LOCK, LAST_SETTLE_DATE, TERMINAL_LAST_UPDATE, LAST_UPDATE_BY, LAST_UPDATE_DATE, POS_APP_VERSION, CONFIRMED_FLAG, TERMINAL_NO, PIE_ENABLED, OE_VER, MULTI_OFFER_RDM)
values (3, 0, 3, 'JSON', null, 'M', 'Y', 'Y', 'E0', null, 'V7.5', null, null, 0, null, null, 3, to_date('12-04-2017 18:37:11', 'dd-mm-yyyy hh24:mi:ss'), null, 'N', '22220003', 'N', 1, 'Y');
insert into TERMINAL (TERMINAL_ID, XLS_TERMINAL_ID, MERCHANT_ID, PROTOCOL, SETTLE_TIME, TERMINAL_TYPE, AUTO_DISC, MULTI_ECP_RDM, STATUS, COUNTRY_CODE, TERMINAL_VERSION, TERMINAL_PHONE, TERMINAL_MODEL, TXN_LOCK, LAST_SETTLE_DATE, TERMINAL_LAST_UPDATE, LAST_UPDATE_BY, LAST_UPDATE_DATE, POS_APP_VERSION, CONFIRMED_FLAG, TERMINAL_NO, PIE_ENABLED, OE_VER, MULTI_OFFER_RDM)
values (4, 0, 3, 'JSON', null, 'W', 'Y', 'Y', 'E0', null, 'V7.5', null, null, 0, null, null, 3, to_date('12-04-2017 18:37:11', 'dd-mm-yyyy hh24:mi:ss'), null, 'N', '22220002', 'N', 1, 'Y');
insert into TERMINAL (TERMINAL_ID, XLS_TERMINAL_ID, MERCHANT_ID, PROTOCOL, SETTLE_TIME, TERMINAL_TYPE, AUTO_DISC, MULTI_ECP_RDM, STATUS, COUNTRY_CODE, TERMINAL_VERSION, TERMINAL_PHONE, TERMINAL_MODEL, TXN_LOCK, LAST_SETTLE_DATE, TERMINAL_LAST_UPDATE, LAST_UPDATE_BY, LAST_UPDATE_DATE, POS_APP_VERSION, CONFIRMED_FLAG, TERMINAL_NO, PIE_ENABLED, OE_VER, MULTI_OFFER_RDM)
values (5, 1, 3, 'SDLC', null, 'A', 'Y', 'Y', 'E0', null, 'V7.0', null, null, 0, null, null, 3, to_date('12-04-2017 18:37:11', 'dd-mm-yyyy hh24:mi:ss'), null, 'N', '22220001', 'N', 1, 'Y');
insert into TERMINAL (TERMINAL_ID, XLS_TERMINAL_ID, MERCHANT_ID, PROTOCOL, SETTLE_TIME, TERMINAL_TYPE, AUTO_DISC, MULTI_ECP_RDM, STATUS, COUNTRY_CODE, TERMINAL_VERSION, TERMINAL_PHONE, TERMINAL_MODEL, TXN_LOCK, LAST_SETTLE_DATE, TERMINAL_LAST_UPDATE, LAST_UPDATE_BY, LAST_UPDATE_DATE, POS_APP_VERSION, CONFIRMED_FLAG, TERMINAL_NO, PIE_ENABLED, OE_VER, MULTI_OFFER_RDM)
values (6, 1, 4, 'SDLC', null, 'A', 'Y', 'Y', 'E0', null, 'V7.0', null, null, 0, null, null, 3, to_date('21-04-2017 11:21:59', 'dd-mm-yyyy hh24:mi:ss'), null, 'N', '33330001', 'N', 1, 'Y');
insert into TERMINAL (TERMINAL_ID, XLS_TERMINAL_ID, MERCHANT_ID, PROTOCOL, SETTLE_TIME, TERMINAL_TYPE, AUTO_DISC, MULTI_ECP_RDM, STATUS, COUNTRY_CODE, TERMINAL_VERSION, TERMINAL_PHONE, TERMINAL_MODEL, TXN_LOCK, LAST_SETTLE_DATE, TERMINAL_LAST_UPDATE, LAST_UPDATE_BY, LAST_UPDATE_DATE, POS_APP_VERSION, CONFIRMED_FLAG, TERMINAL_NO, PIE_ENABLED, OE_VER, MULTI_OFFER_RDM)
values (7, 1, 5, 'SDLC', null, 'A', 'Y', 'Y', 'E0', null, 'V7.0', null, null, 0, null, null, 3, to_date('21-04-2017 11:23:45', 'dd-mm-yyyy hh24:mi:ss'), null, 'N', '33330002', 'N', 1, 'Y');
insert into TERMINAL (TERMINAL_ID, XLS_TERMINAL_ID, MERCHANT_ID, PROTOCOL, SETTLE_TIME, TERMINAL_TYPE, AUTO_DISC, MULTI_ECP_RDM, STATUS, COUNTRY_CODE, TERMINAL_VERSION, TERMINAL_PHONE, TERMINAL_MODEL, TXN_LOCK, LAST_SETTLE_DATE, TERMINAL_LAST_UPDATE, LAST_UPDATE_BY, LAST_UPDATE_DATE, POS_APP_VERSION, CONFIRMED_FLAG, TERMINAL_NO, PIE_ENABLED, OE_VER, MULTI_OFFER_RDM)
values (8, 0, 5, 'JSON', null, 'W', 'Y', 'Y', 'E0', null, 'V7.5', null, null, 0, null, null, 3, to_date('21-04-2017 11:23:45', 'dd-mm-yyyy hh24:mi:ss'), null, 'N', '33330003', 'N', 1, 'Y');
insert into TERMINAL (TERMINAL_ID, XLS_TERMINAL_ID, MERCHANT_ID, PROTOCOL, SETTLE_TIME, TERMINAL_TYPE, AUTO_DISC, MULTI_ECP_RDM, STATUS, COUNTRY_CODE, TERMINAL_VERSION, TERMINAL_PHONE, TERMINAL_MODEL, TXN_LOCK, LAST_SETTLE_DATE, TERMINAL_LAST_UPDATE, LAST_UPDATE_BY, LAST_UPDATE_DATE, POS_APP_VERSION, CONFIRMED_FLAG, TERMINAL_NO, PIE_ENABLED, OE_VER, MULTI_OFFER_RDM)
values (9, 0, 5, 'JSON', null, 'M', 'Y', 'Y', 'E0', null, 'V7.5', null, null, 0, null, null, 3, to_date('21-04-2017 11:23:45', 'dd-mm-yyyy hh24:mi:ss'), null, 'N', '33330004', 'N', 1, 'Y');

commit;

quit;
/



